x,y,Topic,Words,Size
-2.5227723,1.4761677,0,expire | expiring | call | expired | itm,2068
-2.498522,1.3040231,1,priced | sale | discount | price | selling,1363
-2.4536052,1.412023,2,dips | dipping | dip | dipped | buyers,967
10.817162,1.9603847,3,clne | clov | clovtards | poppin | bust,895
-3.438086,-0.09091397,4,investor | growth | investing | invest | investment,865
10.934581,2.2838135,5,forming | spys | pattern | sideways | formation,856
-2.9687808,0.7395706,6,440 | 445 | 444 | 453 | 430,853
-2.2668386,-0.8893627,7,portfolio | portfolios | ruin | bleed | saving,817
-2.6888106,-0.3393969,8,mvis | mvst | lidar | buyout | revenue,802
-2.5913363,-1.0146242,9,0dte | sold | expiring | loss | otm,791
-3.208422,0.0665417,10,12 | 11 | break | hit | breaks,733
-2.891239,0.11879551,11,red | color | reds | jpow | portfolio,729
-3.4487026,0.281538,12,bag | bagholders | bags | bagger | holders,647
-2.4656928,0.9165738,13,netflix | movie | movies | push | hbo,628
11.301408,3.2373307,14,25 | 30 | 38 | break | 50,625
-3.1136692,0.49002934,15,uwmc | uwm | marines | 10c | umwc,619
-2.8510914,0.2782945,16,wkhs | wsb | wsbs | crew | pit,574
11.347856,3.38221,17,wishing | wishes | wishy | foundation | wishhh,571
-2.7885077,0.12126351,18,jobs | unemployment | boss | jobless | fired,569
-3.0912492,0.46724784,19,drunk | drinking | hangover | hungover | sober,556
10.925442,2.8100479,20,tesla | 700 | 900 | teslas | 800,547
11.316591,2.885793,21,casino | gambling | addiction | gamble | gamblers,542
-3.0306344,0.1604132,22,cnbc | nasdaq | headline | ceo | journalist,517
-2.6236966,0.3159899,23,wife | tinder | married | girlfriend | gf,515
-2.52196,0.4256725,24,meme | memes | boomer | memestock | memestocks,509
-2.5065916,-0.48356405,25,mooning | moon | mission | pluto | moonshot,499
11.193945,2.6895607,26,sndl | appl | trending | tlry | peace,493
-2.8460362,-0.0272463,27,nok | silver | line | charts | gmes,486
10.998349,2.7943194,28,losing | lose | lost | losses | loss,479
-3.0227451,0.23283087,29,tsla | tslas | autopilot | og | cassandra,441
10.59623,2.6405466,30,sofi | fa | charter | sos | run,440
-2.4428744,0.2950097,31,tlry | moving | awakens | tlghey | stopping,435
-2.3045938,0.4159539,32,bear | bears | bull | bulls | birbs,427
-2.259802,0.12912618,33,china | chinese | chinas | usa | taiwan,400
10.41707,2.8429465,34,hood | ipo | rob | retail | bag,393
-2.229113,0.4844631,35,robinhood | ipo | robinhoods | robin | restrictions,370
-2.2492642,-0.28514946,36,700 | 900 | 800 | 690 | 1000,370
10.546964,2.570376,37,cramer | jim | cramers | faber | cnbc,368
10.690833,3.092662,38,kid | dreaming | disappointment | foundry | thiel,367
-2.3070803,0.14937319,39,weed | smoked | cannabis | legalization | marijuana,358
10.653885,3.4091806,40,5k | 20k | 30k | 3k | 6k,357
-2.216538,0.33715746,41,profits | profit | greed | earnings | greedy,350
-2.2775111,0.3449915,42,bulls | bull | bears | bear | pigs,350
-2.0805087,-0.12464735,43,closed | opens | opening | monday | opened,349
10.208845,2.975075,44,apple | iphone | ipad | event | phone,348
-2.3103373,-0.88232183,45,markets | sense | bullshit | hilarious | spastic,347
-2.0267217,-0.52199477,46,weekends | weekend | friday | monday | sunday,347
9.87619,3.6216855,47,aapl | earnings | total | pile | aapls,329
-1.9612801,-0.54610157,48,amd | intel | ryzen | 83 | leaps,328
-1.8908144,-0.95763236,49,baba | bob | bankrupt | ban | banned,327
-1.7561673,-0.52567333,50,apes | ape | gorilla | gorillas | adopting,327
-1.931722,-1.2800806,51,03ncnwxrm64 | king | deploy | saga | spike,322
-1.576527,-1.1504412,52,retarded | retard | retards | iq | stupidity,317
10.618733,3.3366692,53,bears | fuk | fukin | fukd | punching,303
-1.7987679,-0.7052462,54,inflation | cpi | prices | higher | stocksera,301
10.252243,3.2013566,55,options | option | trading | learn | decided,300
10.607179,3.538342,56,300 | 200 | 250 | 210 | hits,297
10.627874,3.4042165,57,ticker | tickers | spam | daily | wallstreetbets,293
-1.3932608,-0.97559494,58,pump | dump | dumps | pumping | pumps,291
-1.3581886,-0.9655071,59,share | shares | 1000 | gmes | selling,290
10.695522,3.0649202,60,volume | volumes | 200m | avg | amcs,277
-1.3602909,-0.86063224,61,trade | trades | trading | trader | spaz,265
-1.2224568,-1.0968262,62,theta | gang | wins | thetagang | delta,261
-0.89368695,-0.789496,63,wendys | dumpster | mcdonalds | careers | dumpsters,246
-0.962175,-0.93920267,64,gains | gain | gone | erased | losses,246
-0.869967,-0.76806295,65,cash | cashflow | gang | cashflows | coward,237
-0.5760287,-0.89768255,66,palantir | palantards | palantard | ashes | palantirs,237
-3.0430105,-2.3463964,67,eod | eow | 15 | eom | ez,236
-0.74532455,-0.3745465,68,eggs | ketchup | pizza | dinner | chicken,233
11.035331,3.4756742,69,crsr | censored | earnings | analyst | stockery,229
11.161336,3.2667084,70,t52th52 | emote | 4260 | 4266 | 4270,227
-0.37949792,-0.44176194,71,tax | taxes | irs | gains | filed,222
-0.6863811,-0.15593398,72,account | blew | blown | blow | accounts,221
11.003184,3.4567847,73,burry | burrys | twitter | tweets | micheal,218
-0.40834722,-0.038930584,74,porn | pornhub | content | hentai | nudity,215
-0.896681,-0.14425375,75,clov | medicare | grabbed | upgraded | hyped,213
11.226752,3.1947627,76,power | pow | energy | lit | shower,209
-0.5865448,-0.0048952485,77,hodl | aboard | iamholding | hoooold | representative,209
11.486769,3.2519794,78,ebay | snap | sacrifice | profit | airlines,208
-0.34451163,0.20205721,79,uh | psth | yep | gimme | sweet,205
11.1918745,2.4767153,80,apha | aphria | aph | comeback | earnings,204
-0.55910563,0.5452702,81,climb | daq | undertaker | coffin | climbing,200
-0.8320102,0.3123053,82,goev | gourd | gourds | ornamental | mildew,197
-0.7710488,0.46473092,83,clf | clfs | clne | boing | mooninggggg,194
-0.21574894,1.0418906,84,printing | print | printer | printed | printers,192
-0.6341271,0.69444054,85,housing | rent | homeless | landlord | eviction,191
11.813328,3.1209123,86,drill | drilling | duty | morale | drills,191
-0.8969755,0.6145648,87,rkt | solar | blasting | flys | challenger,187
-0.8660436,0.6631346,88,gang | bbby | shambos | lambos | heater,184
-0.4815052,0.74962914,89,tendies | tendie | rubs | tendieman | sauce,182
-0.8259598,0.7481586,90,trap | bull | bear | traps | trapped,182
-1.0476105,1.1585435,91,margin | called | call | calling | broker,178
-0.8736121,0.9169458,92,shares | 200 | share | 500 | coupon,175
-0.8526674,0.9955173,93,taliban | afghanistan | kabul | afghan | isis,169
11.021329,2.216268,94,gif | freeemotespack | emote | moneyface | hearteyes,168
-1.104156,1.2341627,95,toilet | smell | poop | smells | poopin,168
-1.1110992,1.2583324,96,jpow | speaks | speech | speak | speaking,167
-0.89667624,1.2535726,97,biden | bidens | speech | putin | bidet,166
-0.907446,1.0850335,98,sdc | 7c | patent | bananas | interest,165
-1.1982177,1.1916206,99,futures | mean | meaningless | night | wake,163
11.2575035,2.3525133,100,ath | aths | atl | hit | hitting,163
11.441043,2.7900867,101,fomo | fds | obliteration | death | drug,163
-1.1088933,1.6371326,102,elon | musk | richest | papa | elons,162
10.855747,2.894747,103,mrna | cure | pricing | mrnas | coughing,161
-1.2073978,1.7391343,104,spce | frontier | spice | flight | spx,159
-1.5489587,1.7447588,105,dildo | dildos | giant | massive | incher,158
-1.4584156,1.3979653,106,clne | million | shares | share | trillion,157
-1.5132978,1.6103638,107,inverse | buys | switch | lose | switching,155
11.167057,3.140782,108,dump | dumping | dumps | dumpster | eject,154
10.135668,2.7390125,109,nvda | split | 200 | amd | 770,154
10.246558,2.645661,110,pre | markets | red | 1030 | fades,154
-2.4298813,1.4925376,111,hon | sheeeeeshh | imposter | greeen | funeral,153
10.029729,2.1993837,112,tech | technical | undervalued | overreactors | technology,149
10.497154,2.2651627,113,cathie | her | cathies | shes | aunt,147
10.911984,3.1936522,114,brokerage | broker | apps | brokers | collateral,147
9.99217,2.3237376,115,stonks | stonk | boots | winter | activities,147
-2.4370897,1.2560626,116,goodnight | wake | slept | woke | asleep,145
-2.6420078,1.1101211,117,mnmd | nndm | trippin | shrooms | btx,144
10.65645,2.4602988,118,facebook | fb | whistleblower | zuckerberg | instagram,140
10.784574,2.5478446,119,closes | ends | finishes | end | shouting,138
-3.6070857,-0.09102412,120,gamestop | gamestops | sellers | shorted | attacks,137
10.845245,2.7561002,121,recession | cancelled | canceled | recessions | 2021,137
-2.9545023,1.1207755,122,tilray | tilly | tilrays | tilrayyyy | budweiser,136
-3.6014512,0.2651771,123,rocket | rockets | rocketship | takeoff | blastoff,135
-3.0206614,1.0008905,124,bers | ber | fuk | fukd | finkle,134
-3.0493727,0.9342054,125,handed | doll | hands | touched | touch,132
-3.1048198,-0.46548995,126,nok | 5g | nokkin | nok2021 | nokkkkkkk,132
10.731229,2.7616308,127,blackberry | blackberrys | phones | qnx | phone,131
-2.9574306,1.071415,128,tlry | 142 | 19 | heading | 16,131
-3.1560712,0.8227765,129,powell | powells | sip | banking | org,129
-3.67416,0.2727797,130,hurt | pain | bae | love | painful,129
10.693655,2.9627113,131,recover | ruined | broke | recovering | recovered,127
10.070634,2.86146,132,dkng | mob | nfl | vices | crime,127
-2.8545914,0.75154376,133,psfe | pfe | mcfe | mcafee | webr,126
10.524237,2.601058,134,vix | vxrt | vxx | spx | vaxart,125
-3.2157154,0.50458026,135,shorts | cover | covered | sweating | pants,124
9.984638,3.2259114,136,diamond | hands | hand | handing | diamonds,123
10.541515,3.1185467,137,september | august | january | october | month,122
10.377668,2.9257555,138,coin | coins | 400 | 420 | heist,120
-2.4642978,-0.33362678,139,boomers | boomer | millenials | 401k | landlords,119
10.410669,2.9202442,140,crash | crashing | crashed | crashes | gutter,118
-2.398731,0.828694,141,gym | treadmill | lululemon | leggings | exercise,118
-3.219444,0.3497699,142,etf | arkk | etfs | arkg | funds,117
10.61229,3.3591022,143,bottom | top | tops | naughty | talent,117
-2.5248103,0.18359695,144,icln | plug | bidens | rtardes | tls,116
10.355341,3.2786407,145,eod | eoy | eom | momtron9000 | memetron3000,113
-2.2197592,0.47517362,146,premarket | premarkets | trust | led | ambulance,112
-2.2031698,0.6657199,147,aso | disca | asohole | oobs | chargeeee,111
-2.6832025,-0.5440694,148,lab | gevo | mars | booooyyyyz | gangggg,111
10.047423,3.384272,149,rblx | btx | catalysts | btxs | fithead5,110
-2.3845193,0.37693608,150,bankruptcy | bankruptcyyyyyy | bankrupt | bankruuuuuptcy | bankrupzy,110
-2.53738,0.63110954,151,sens | volume | kicking | flying | gems,110
9.945482,3.349967,152,candles | candle | candlestick | red | streak,109
-3.1444547,0.07452579,153,holding | hold | bbags | momentum | strength,108
1.5061113,7.7920485,154,gay | gayer | fake | gayest | faker,108
10.1408615,3.2701864,155,squeeze | squeezes | squozen | mkt | squeezing,107
-2.35288,-0.18062961,156,bond | bonds | yields | yield | treasury,107
-2.323099,-0.079657964,157,depression | medicine | mindmed | psychiatrist | therapist,107
-2.2257128,-0.8421746,158,penis | dick | cock | enlargement | cocks,105
10.339943,3.4764855,159,moon | mooning | saturn | blue | eastern,105
-2.4471817,-0.7733154,160,stimulus | checks | check | bill | sends,104
-2.167852,-0.24001974,161,orph | orning | eekend | ears | alphabet,104
10.49662,3.58448,162,lilm | lil | music | kanye | song,103
-1.7123824,-0.19345021,163,aapl | 135 | 130 | 125 | 170,103
10.358357,3.6790626,164,imgur | remy | jpg | png | dog,103
-1.851032,-1.2118376,165,moon | mooning | moonnnnnnnn | moononnnnnn | skyyyy,103
10.733229,3.6841438,166,ccj | cciv | cc | remembers | nuclear,101
-1.2118322,-1.392535,167,bezos | space | rocket | billionaires | dick,101
10.376334,3.452271,168,worst | sucked | suck | worse | horrible,101
-1.2735529,-1.1008133,169,negg | 79 | fomo | holders | 70,100
-0.6767712,-0.7968349,170,loan | financial | loans | forgiveness | bank,99
10.509315,3.5077684,171,gang | checking | wheres | paranoia | 1351186874698764298,98
10.564665,3.590104,172,millionaire | millionaires | million | billionaire | billionaires,98
-1.1547738,-0.35838586,173,autism | autists | autist | autistic | aspergers,97
-1.4064065,-0.4233557,174,420 | 420s | 420c | fulfilled | prophecy,97
-1.0700433,-0.15629283,175,taper | tapering | fed | tantrum | feds,97
-1.0333649,-0.14148118,176,uranium | nuclear | supply | chernobyl | radioactive,95
10.707377,3.5649908,177,dwac | trump | bailed | halt | dwacstock,94
10.956218,3.554076,178,reddest | plums | happier | singles | goodspeed,94
-0.7143809,0.08479531,179,bleed | bleeding | blood | bloodbath | hemorrhoids,93
10.905096,3.563744,180,hurricane | coast | texas | weather | east,93
-0.09785095,-0.076604426,181,lambo | lambos | lamborghini | rabbits | lambles,92
-1.0963254,0.28727728,182,low | high | lower | lows | peak,92
11.366554,3.2175915,183,mods | threads | masochists | wallstreetbets | momentum,91
11.52175,3.0288923,184,momentum | amcc | ganggg | breakaway | dubs,91
-1.1880969,0.67098445,185,minutes | hours | mins | futures | min,91
11.7078285,3.1453092,186,debt | ceiling | raise | congress | credit,90
-1.0131533,0.70781636,187,gsat | cooled | gshit | tmm | melts,88
11.414859,3.3429615,188,whale | seaworld | boat | yacht | whales,88
-1.5932829,0.38255522,189,farts | cow | fart | farted | cows,86
11.263684,3.4347208,190,dfv | dfvs | update | headband | suit,86
11.593979,3.228404,191,bull | history | greatest | historys | universe,85
-1.4471372,0.69657075,192,dog | dogs | puppy | currency | pup,85
-1.2815716,0.66590965,193,coffee | cup | drank | cups | drink,85
-1.473938,0.56327325,194,hedge | funds | fund | hedgefunds | hedgefund,84
-1.5629505,0.79238105,195,dad | mom | fathers | father | dads,83
-1.3753221,0.5864044,196,rich | wealthy | become | lizard | addicts,83
-1.515323,1.0397561,197,dd | dds | automod | read | delays,82
-1.5366013,0.9802597,198,ban | banned | unbanned | banbets | banbet,82
-1.5947592,0.52743345,199,stimmy | stimmys | stimmies | stim | schhlopppy,82
11.88093,2.613763,200,panic | scared | panicking | sheep | scare,82
11.804374,3.0786352,201,tsla | upgrade | tailwinds | downgrade | competition,82
11.685755,2.7284486,202,britney | kate | miley | rooney | margot,81
11.738832,2.7438037,203,mu | thanos | earnings | muons | 90c,81
1.5199505,7.8293533,204,ocgn | ocugen | covaxin | flying | baybeeeee,80
11.643051,2.6253605,205,pelosi | nancy | pelosis | caitlyn | jenner,79
11.506982,2.0160396,206,401k | retire | retirement | retiring | retired,78
11.424072,2.2893107,207,vaccine | covid | vaccinated | pfizer | vaccines,78
-1.9841917,1.2536403,208,vlad | bulgaria | sultan | vlads | ottomans,77
11.061583,1.8647296,209,nio | jellyfish | nipsey | niorway | mio,77
-2.3026483,1.0831937,210,happening | happened | wtf | godamnit | escalating,76
-2.8238196,0.5117852,211,lcid | churchill | offfff | roadmap | jacket,75
-2.0668852,1.4264369,212,mods | gay | mod | nongmeers | nephews,75
-2.432638,0.57822555,213,delta | variant | variants | airline | dc,74
-2.7818513,0.8250561,214,warren | buffet | buffett | buffetts | jimmy,74
11.133058,2.3606956,215,tim | cook | timmy | duoooooooooooo | nemesis,73
1.4988947,7.8287477,216,blunt | lesssssgoooo | remix | rollin | ignition,73
-2.0671554,0.8308203,217,fighting | morale | beatings | violence | violent,72
-1.8929874,0.42046168,218,mango | mangos | fruit | ceos | thicccc,71
-2.5592003,0.76967233,219,cat | bounce | cats | bouncing | kitty,69
-2.5928957,0.44432288,220,mode | easy | difficulty | hard | settings,69
10.927117,2.45249,221,indexes | indices | pinch | rotation | index,69
-2.380423,-0.3995198,222,rug | pull | carpet | rugpull | rugpulls,68
-3.010142,-0.9901807,223,melvin | capital | melvins | melvincapital | raid,68
11.036426,2.866257,224,qqq | tqqq | qs | crowd | nsdq,68
11.192191,2.6689634,225,chart | charts | astrology | zoom | weekly,67
11.202729,2.805256,226,viac | viacom | viacs | moooovin | ussy,67
-2.1837025,-0.11653856,227,ev | evs | ford | cars | truck,67
-2.1902676,-0.7658855,228,bbi | brotherhood | weeeek | logi | chucking,67
10.976947,3.0157259,229,branson | flight | test | bransons | madmigs,66
-2.5003555,-0.7477382,230,making | bluegrass | photography | necromancer | dueling,65
11.535343,3.0027657,231,cum | lube | vasectomy | vaseline | clit,65
11.707099,3.2075634,232,hair | haircut | shaving | shaved | bald,65
10.382818,2.0825279,233,ma | mas | ccp | jinping | coup,65
-2.374666,-0.6416334,234,dividends | dividend | mcfe | reinvest | boomer,65
11.450883,2.5799134,235,salary | raise | paycheque | pay | paycheck,64
-1.8213823,-0.97478426,236,moon | moonski | riders | alice | capsule,64
11.172543,2.7719288,237,yolo | yolos | yolod | yoloed | shoretrooper89,62
11.202854,2.4926205,238,corn | popcorn | cob | commodities | regulated,62
11.280032,1.969449,239,350 | 250 | 400 | 285c | 267,62
11.063918,2.1024323,240,amazon | catalog | etsy | ecomm | purchases,62
-2.1232953,-0.5427984,241,poor | poverty | welfare | poors | impoverished,61
1.5355946,7.7909694,242,fun | boring | entertained | bored | orbiter,61
-1.8686953,-0.45931318,243,moly | guacamole | ammfc | preheating | harry,60
10.217113,2.454026,244,fidelity | aws | letter | approval | cyberpunk,60
10.795832,2.407468,245,moves | move | rooooooooookie | turns | snap,59
-1.4527892,-0.7907558,246,karp | chu | papa | ozuzqqrfs5k | pappa,59
-1.8084807,-0.64530265,247,printer | printers | jpow | jpows | jammed,59
10.11817,2.463551,248,fubo | futes | matter | fuboooooo | 61q6wwu5ziy,58
-1.4480362,-1.2602184,249,covid | pandemic | deaths | argentina | flu,58
-1.6493781,-0.74124384,250,swan | cocktease | gmreeeeeeeee | gmreeeee | gmreeeeeeeeeeeeeeeeeee,57
10.408642,2.7893343,251,2028 | 2020 | 2021 | 2022 | tech,57
-1.3394933,-0.7472544,252,holdamc | togetherstrong | hold | held | scotland,57
-1.6227812,-0.11343675,253,fed | ethical | presidents | chairs | resigns,57
-1.2519009,-0.70272833,254,ladder | attack | attacks | ladders | attacked,56
9.958038,3.099667,255,hwang | levered | hwangs | bets | brokers,55
-1.3855878,-0.28803432,256,steel | iron | ore | clang | rods,55
-1.5199828,-0.1985301,257,wallstreetbets | wallstreetbags | wallstreet | wallstreetbagholders | wallstreetregrets,55
9.863549,2.9554956,258,fucked | proper | eternally | tommy | mitch,54
-1.5078887,-0.26499546,259,berry | berries | banana | bananas | blackberries,54
-0.15519299,-0.6587542,260,fly | flying | aaagaain | mummy | flyyy,54
-1.1611596,-0.34959608,261,mooooooon | moooooon | mooooooooon | moooooooon | moooooooooon,54
-0.456795,0.51377434,262,betting | sports | against | bet | bets,53
-1.2073283,-0.20678835,263,reefer | madness | moon | jupiter | moonday,53
-1.0039921,-0.10105687,264,tlry | earnings | twtr | 33c | ceo,53
-0.9875094,-0.800363,265,twitter | status | tweet | elon | tweets,53
10.61215,2.7183664,266,disney | mickey | corona | parks | disneys,53
-0.809041,-0.20689899,267,jerome | jeromes | printer | named | calvins,52
10.682201,2.9508023,268,bullish | bearish | sentiment | uncertainties | bogandoff,52
11.001763,3.5686064,269,portfolio | hitting | performing | goes | watchlist,52
10.55822,3.0664432,270,plays | play | chase | madoof | parlays,52
11.122203,3.4053771,271,opad | suspension | feminine | padding | mudbone,50
-0.74417573,-0.37512475,272,dead | die | thy | alive | poppin,50
10.769571,3.5515962,273,amzn | split | invested | bezoz | amzns,49
-0.12807488,0.6586565,274,car | civic | tire | cars | tires,49
10.598542,2.8076093,275,hate | liked | mo | hates | loathing,49
10.843432,3.4151495,276,thesis | beeeeotch | fuckhead | azure | adapt,49
10.852845,2.5901997,277,portfolio | daft | portfolios | punk | red,49
-0.31303152,-0.22971417,278,corsair | gaming | pcs | e3 | wstbts,49
10.775311,3.0545654,279,epstein | bezos | jeffrey | divorce | split,48
-0.064176925,0.050360758,280,rates | interest | raise | economy | fed,48
11.123331,2.938002,281,insider | ceo | congress | nyse | info,47
10.969145,3.211463,282,crayons | pencils | crayon | helmet | sharpened,47
-0.11666725,0.7173026,283,nooooooo | epic | cube | tomorrow | vengeance,47
-0.8990925,0.25218192,284,correction | corrections | wimps | nysc | assumptions,47
11.325679,3.0981567,285,flair | flairs | mods | ban | mod,47
-0.8268419,0.324502,286,hulk | dicks | dick | dildos | avengers,46
-0.3659218,0.7998076,287,pop | bubble | bbbbbbbbbb | shark | bbbbbbbbbbbbbbbbbbbbbbbbbbbbbbbbbbbbbbbbbbbbbbbbbbbbbbbbbbbbbbbbbb,46
11.021102,3.307415,288,dnut | nuts | krispy | nut | pistachios,46
11.223478,3.4872143,289,jacked | tits | jacking | jack | khabibs,45
11.208751,2.813069,290,bots | bot | duplicate | visualmod | remove,44
11.456655,3.294249,291,wood | lumber | demand | trees | woods,44
11.483625,2.976492,292,college | tuition | university | grad | semester,44
-0.82135487,0.7071296,293,horse | workhorse | horses | yelling | horseraping,44
-0.87408835,1.4288644,294,snl | elon | comedy | ashlee | saul,43
-0.7810004,0.8712017,295,alexa | nirvana | deadmau5 | elton | foo,43
11.381584,3.0357733,296,olympics | olympic | sport | volleyball | athlete,43
11.363897,3.322518,297,shitposting | shitpost | shitposters | shitposter | biotches,43
-0.8305831,1.4646614,298,hookers | escorts | craigslist | encounters | escort,43
11.1405325,2.95611,299,rope | shortage | inventory | whiplash | invention,43
-1.0868918,1.2038882,300,winners | winning | losers | winnin | judge,43
-0.9335,1.0363389,301,hopeshigh | keeping | 265 | gamble | rblx,43
-1.0101095,1.3752071,302,seventy | forty | sixs | six | dips,43
11.332751,3.1015346,303,oil | barrels | energy | emissions | prices,43
11.536044,2.8866632,304,boobs | titties | boob | boobies | balls,42
-1.079384,1.3317075,305,megathread | megathreads | mega | wallstreetbets | comments,42
-1.3109354,1.441738,306,guhhhhhhh | arooooooooooooooo | guuuuuuuuhhhhh | guhhhhhhhhhhhhhh | guhhhhhhhhhhh,41
11.344181,2.412523,307,shaped | recovery | shape | recoveries | mag,41
11.612263,2.8192282,308,ads | youtube | commercials | hulu | ad,41
-1.5101758,1.7313292,309,borrow | fee | shorts | iborrowdesk | iborrow,41
-1.7249331,1.6004447,310,yellen | janet | mic | yeller | latinas,41
-1.5649631,1.7617961,311,pltrrrrrrr | lure | teasing | gooooooo | lay,41
-1.8002872,1.5933113,312,zuck | zjz | zom | zigged | zjzthegoat,40
10.590641,2.0293844,313,interview | hired | job | interviewer | bosss,40
-2.1178944,1.7582289,314,sec | investigating | investigation | testify | wifes,40
-2.4825208,1.7468061,315,shrek | shreks | cock | cocks | shrekkin,40
-2.4172518,1.5983617,316,mvis | sample | strikes | mvst | fly,40
-5.161825,0.14757918,317,halt | halted | halts | stop | halting,40
-2.6205585,1.6519653,318,zoom | mic | mute | microphone | meetings,40
1.3639734,7.9933963,319,straight | irish | enjoyable | progress | meetings,39
-2.7302575,1.4246801,320,sklz | sir | foming | ticklers | sirjacksalot,39
-2.317834,1.4719492,321,nokia | 5g | wireless | equipment | nokiaaaa,39
-3.0683877,1.3348583,322,tmc | tmcs | halted | cratering | std,39
-0.13878138,-4.9543447,323,count | legally | stop | kid | okay,38
-3.2939558,1.0758839,324,bell | ring | ringing | heard | closing,38
-2.8271575,1.1118653,325,nkla | nke | revenue | tards | zoning,38
-3.2481668,0.5415545,326,roblox | gameplay | videos | millinoaires | roblux,38
10.975462,2.9894998,327,adderall | adderalls | snorted | drugs | pills,38
10.832873,2.6518924,328,hoe | moms | momma | hoes | mom,38
-3.152129,0.48574772,329,idea | game | runescape | understanding | clue,37
-3.3716705,0.7413187,330,utmsource | utmmedium | wallstreetbets | www | utmname,37
-1.2530055,0.17472911,331,phil | stick | plan | part | nok,37
-3.1448166,0.02126267,332,posture | banana | hunched | sit | straighten,36
10.768227,2.690646,333,joe | rogan | bison | died | vindicating,36
-3.3201923,0.50106764,334,emoji | emojis | dartboard | ticker | spam,36
-3.3525283,-0.21835354,335,europoors | europoor | europeans | chips | eurochads,36
-3.4123142,0.6534672,336,guhing | kathie | hugh | commencing | title,35
-2.8091426,0.85055304,337,root | balls | deep | dental | canal,35
10.814335,1.9518597,338,msft | rejected | 300c | msfts | flopping,35
-2.460958,0.2047984,339,ramen | eating | noodles | dinner | dinners,35
-3.378341,0.9486873,340,selling | abe | mothrrfuckers | boldly | calm,35
-2.9631405,0.86832726,341,olds | politics | history | political | democracy,35
10.157088,2.6843324,342,shrooms | mushrooms | mushroom | margarine | mindmed,35
-3.0988958,1.2501361,343,aliens | ufo | alien | ufos | satellite,35
-3.3262365,-0.43850556,344,members | million | subscribers | 000 | 10m,34
-3.4938145,0.23585762,345,cathy | limo | finerman | lenses | cathys,33
10.351014,2.7622905,346,airlines | boeing | flight | airline | planes,33
-0.034401372,-5.0591874,347,shek | finish | destiny | finishing | baghold,33
-2.9438035,0.7588986,348,sunshine | ahgahahahhh | babyyyyyyyyyy | hopeless | babyyyy,33
-3.0854547,0.58941245,349,analyst | opjgugb | gzejdfm | tipranks | turdlipstick,33
-3.4405432,-0.42861477,350,morning | vietnaaaaaaam | ameriguh | vietnaaaaaaaaaam | gooooooooooooooooooooooooooooooooooddd,33
10.448846,2.7678983,351,ford | motors | broncos | fordteen | fraudstown,32
-3.1146662,-0.08720787,352,gs | ge | wsb | events | retirements,32
10.835388,2.849172,353,honor | honour | salute | grave | surrender,32
10.892086,2.8187146,354,cocaine | drugs | drug | smuggle | psychos,32
-2.7874231,0.32743844,355,crying | tears | cry | acne | kleenex,32
10.765791,2.8771417,356,bullberry | panics | punished | whiplash | cheat,32
-2.8802836,-0.14256021,357,rally | gas | bamboozle | silverado | tank,32
-2.8382697,-0.030900275,358,emotions | emotion | emotionally | trader | trade,32
-3.005075,0.017426454,359,pp | ppi | measure | precise | ppv,32
-2.6337,0.47124624,360,shareholders | ceo | mfkrs | 143m | 12m,31
-3.119983,-0.6363681,361,ptra | proterra | bus | lightenings | 850m,31
10.713324,3.3235526,362,clapped | clappening | clapping | fcked | screamed,31
-2.622937,-0.013145884,363,plug | buttplug | butt | penetration | usb,31
10.214277,3.194932,364,bags | heavy | lighter | heavier | heavyyyyy,31
-2.9041445,-0.74417025,365,comment | comments | deleted | deleting | reply,31
-2.437743,-0.37498832,366,2b | volume | pfizer | 110b | 19b,31
-3.0070682,0.4731336,367,seniorita | pul | ogi | breakout | confidence,31
-3.0190985,-0.32093978,368,incinerated | psaki | destroyed | collected | measly,30
10.086517,3.6782804,369,penny | pennystocks | barns | jockey | derby,30
-2.4716244,0.2685698,370,merger | merge | approved | tlry | arbitrage,30
-2.3498237,0.07370893,371,snek | sneks | snoo | sneking | snekin,30
-2.4385624,0.5311193,372,nikola | trevor | fraud | indicted | founder,30
-2.4118104,0.36822778,373,clover | clovers | rover | cloverfeild | cloverrrr,30
10.282038,3.219417,374,harambe | dicks | harambes | nasdick | tribute,30
10.056015,3.000991,375,motley | fool | alert | motleyfool | abc,30
-2.7006,0.33961722,376,deposited | deposit | account | transferring | ether,30
-2.1936967,0.52541983,377,liftoff | lift | lifts | schindlers | schindler,30
10.407186,3.3279805,378,100k | million | 000 | sblk | 5600usd,30
9.907891,3.441622,379,chad | brian | chadsdaq | chads | episode,29
-2.139086,0.3723105,380,circuit | breaker | breakers | pg | phased,29
-2.0344234,0.27238166,381,clown | honks | loudest | clowns | silverbacks,29
-2.0065553,0.23173745,382,didi | chinese | fuckas | dorsia | mutha,29
9.754648,3.2669203,383,deepfuckingvalue | deep | value | ffuuuuuuuuuuucccccccckkkkkkkk | decamillionaire,29
9.892419,3.1223495,384,rigged | game | yahoo | makers | romney,29
1.5210158,7.870783,385,hoooooood | slow | smiles | fast | rings,29
-2.1240587,0.14859284,386,birthday | birth | sons | 60th | birthdays,29
10.035981,3.2056344,387,knife | knives | catching | scissorhands | catchers,28
10.036599,3.5495584,388,fool | tennessee | fooled | thrice | lies,28
-1.9069682,0.22066374,389,vibin | ruh | chopped | shitshow | streets,28
10.127818,3.416488,390,shambles | sandals | grandeur | schiff | delusions,28
10.089709,3.5574453,391,danger | haha | hehe | precaution | bend,28
-1.9560058,0.13890235,392,juicy | ripe | irn | baybeeeeeee | irnttttttt,28
-1.7367675,-0.7233373,393,nvidia | gpu | v100 | split | graphics,28
-1.9856379,-0.34848887,394,2038 | 24 | 29 | 28 | 31s,27
-1.8176725,-0.30826616,395,microvision | micro | screens | micron | lidar,27
-1.936124,-0.64674586,396,rbc | wallstreetbets | frank | banks | citron,27
-1.7180827,-0.26681378,397,infrastructure | mcconnell | bill | schumer | senate,27
10.3118105,3.6240506,398,diversified | diversification | diversifying | diversify | losses,27
-0.13360603,-4.956616,399,reversies | andddd | newton | robert | manchin,27
9.996598,3.589899,400,older | 20s | 30s | superman | 31,27
10.194697,3.2906466,401,chuck | flash | cursed | boner | expired,27
10.099614,3.4285953,402,crush | coma | hospital | woke | doctor,27
-1.1822103,-0.7367998,403,dream | nightmare | woke | nightmares | dreamt,27
10.483424,3.675502,404,oem | suppliers | hangers | mufflers | ddd,27
10.516742,3.7600174,405,news | client | breaking | hospitalizations | shitstorm,26
-1.0382534,-0.6725397,406,galactic | spce | livestream | orbit | flight,26
-0.75181925,-0.5937088,407,teeth | dentists | dentist | brushing | tooth,26
-1.1697541,-0.11310873,408,exponential | ibm | earnings | revenue | growth,26
-1.1200479,-0.51475775,409,chamath | chasin | pockets | spacs | pumpanddumpya,26
10.65202,3.5936794,410,nbsp | decisions | decision | choices | gut,26
-3.0172234,-2.313624,411,sharpener | pencil | 60 | mark | 50,26
-0.8132509,-0.25383723,412,positions | position | mountains | fetal | inducing,25
-1.1533195,-0.24889934,413,reeeeeeeeeeeeeee | reeeeeeeee | reeeeeeeeee | reeeee | reeeeeeeeeeeeeeeeeeeeeeeeeeeeeeeeeeeeeeeee,25
-0.1362311,-4.955789,414,aphra | messaging | poetic | angrily | corpse,25
-0.55720794,-0.7506052,415,monke | selling | saleeeee | push | itd,25
-1.0393667,-0.06829362,416,bang | scaring | deepfuckingvalue | attack | win,25
-0.73504364,-0.25793868,417,pltrards | beginners | smoothbrains | lyft | snake,25
-0.63210773,-0.03695566,418,ants | marketed | pears | antz | avocados,25
11.06372,3.5241358,419,servers | reddit | bonnaroo | communism | turkey,25
-0.79005075,0.3121817,420,441 | frens | rejects | sunrise | tm,25
-1.0932801,0.1708841,421,gang | dats | gangster | shoe | gangs,24
-0.9834093,0.3002608,422,constipation | chronic | holding | delusion | playoffs,24
-0.66024995,0.2667509,423,mask | masks | wear | breath | burping,24
-0.6793992,0.17168146,424,greeeennn | brrrrr | boutta | brrr | bbby,24
11.463192,3.5431814,425,volatility | unpredictably | bn | liability | cashapp,24
-0.95856893,0.39118084,426,lonely | loneliness | ugly | friends | shy,24
-0.31399602,0.53014654,427,lambda | tortured | hostage | destiny | carried,24
-0.70384514,0.4676616,428,water | hydrated | drink | hydrate | humidifier,24
-0.8896707,0.66438437,429,lucid | dreaming | cciv | ev | motors,24
-0.6393691,1.1055168,430,500 | p500 | selloff | goldman | pistons,23
-0.7052118,0.87977225,431,pants | unzips | pulls | removes | untying,23
-0.8371923,1.0680419,432,gamma | 115 | gassing | trigger | initiating,23
-1.2074956,1.4345375,433,leaps | seeds | 5c | moonshots | gainer,23
-1.4233494,1.2821195,434,run | bull | 2021 | donda | bulltrap,23
-1.4159149,1.6678246,435,hobby | expensive | selfie | outdoors | golfing,23
1.4347067,7.7976174,436,feelin | mvis | msg | movers | korean,23
10.31634,2.329241,437,ambulance | breathe | police | hospital | rodney,23
-2.0611687,1.4833754,438,fools | april | prank | fool | fuks,23
-1.8753766,1.4680831,439,retail | sales | rescheduled | sheeple | democracy,23
11.009385,2.9087918,440,visualmod | zjz | zjzs | sherlock | anonymity,23
10.3461485,2.9731731,441,awards | award | reddit | bukakke | 28days,23
10.16932,3.026171,442,perma | permabulls | bull | fijians | murals,23
10.319864,3.1908324,443,hindenburg | hindenburgs | hindenberg | goose | hydrogen,22
-3.7708814,0.9444897,444,squid | games | game | character | join,22
10.927135,2.5033426,445,cohen | ryan | cohens | tweet | tweets,22
-1.7201434,1.1260909,446,1930 | dropping | 45c | drum | opening,22
-1.9292182,1.4359595,447,cliff | cliffs | falling | skys | sky,22
10.942279,2.753197,448,digts | cashapp | hold | chew | poppin,22
10.976516,3.2123926,449,flat | flatten | curve | earthers | earther,22
10.772137,3.2952523,450,24k | degenerates | literally |  | ,22
-3.3049898,1.2621397,451,happy | happiness | misery | subjective | tiltards,22
10.51328,3.03057,452,cap | billion | dash | 50b | order,22
1.4563644,7.8347745,453,transitory | defining | transitorias | wand | define,22
-2.144459,1.0229232,454,mistakes | mistake | lesson | lessons | learn,22
-2.1071103,0.81657743,455,felonies | faggy | sly | tracks | tale,22
11.102873,3.0483153,456,capitol | stormed | protestors | storming | dc,22
-2.4630687,1.0894444,457,coinbase | fees | erc20 | coin | eth,22
10.668752,2.8849154,458,bears | anus | sorer | winked | stinky,21
-2.543029,0.9633424,459,palantir | industrial | chemical | supplier | product,21
-3.5079224,-0.29530683,460,baby | lessgooooo | reindeer | selma | nicholas,21
11.248678,3.307737,461,aso | 35c | 40c | 30c | hv,21
-3.0531118,-0.84986913,462,silver | media | silvers | slv | mainstream,21
11.207442,3.3749728,463,disca | discb | discas | aneurysm | votes,21
-0.111113854,-4.978163,464,htbx | fucc | locked | finish | coffee,21
-1.5735062,0.5112343,465,tilray | aphria | merger | apha | inc,21
11.1851015,3.126661,466,regret | regrets | cobras | opportunity | instincts,21
10.934338,3.3534725,467,evergrande | everdump | evergay | everfuck | payment,21
-1.8958191,1.1070536,468,pfizer | jip | delusions | baldness | vaxxed,21
10.916513,3.6839638,469,insanity | absurd | insane | savaaagee | tenet,21
-1.7100308,0.8696028,470,black | aint | biden | kerrisdale | quoted,21
-1.7873358,0.49394146,471,cuomo | cuomos | resign | cuo | italians,20
-2.1490355,0.97024757,472,retards | bobbyphisther | sugardicks | vegetables | nerds,20
-2.23676,0.9399048,473,virgin | virgins | virginity | guhlactic | thotgirl,20
1.459227,7.808881,474,volatility | volitility | disb | realm | enter,20
10.604738,3.397876,475,gang | 4life | padlocks | chimps | loyalty,20
-2.379099,1.2500514,476,averaging | averaged | average | fidget | spinners,19
-2.0179033,0.75596344,477,oreo | oreos | cookie | stuffed | prophecy,19
-1.9225389,0.8575627,478,star | stars | jiminy | sang | glow,19
-2.3535583,0.6237371,479,demo | disposal | demonstrating | springs | powerpoint,19
-2.931163,0.95928174,480,lawn | trees | neighbor | yard | neighbors,19
-2.0240386,0.6682403,481,chat | fast | gay | laggy | snails,19
-2.55459,0.6637665,482,stupid | craziest | shitty | dumb | ridiculous,19
-2.2312083,0.25860122,483,pullback | terrain | pull | awnings | continued,19
-3.0327406,0.68604565,484,14d | taze | 450 | snort | 2d,19
-1.963003,0.4650608,485,wya | daiyamando | handaru | unemployed | plans,19
10.582847,3.2604358,486,woof | bogecg5 | flagging | chaser | woodford,19
-1.8312397,0.16761017,487,gap | gaps | spacing | fill | queens,18
11.039357,3.6277165,488,upst | ups | upstart | bantz | premkt,18
10.890371,3.69097,489,forgiven | deny | seriousness | critical | woke,18
10.428933,3.4058383,490,cosby | cosbys | quaaludes | bill | prison,18
-2.815073,-0.21902032,491,520k | prpo | 6mill | 5mil | 50m,18
10.657539,3.630109,492,abusive | relationship | ex | stalker | victims,18
-2.5679228,-0.5588115,493,fat | feet | lovato | demi | obese,18
-1.2916031,-0.5782668,494,tiktok | tik | tok | thots | videos,18
-1.4934553,-0.6097494,495,reversal | reverse | inverse | bicycles | reverses,18
-1.3779472,-0.94065577,496,gold | prospectors | barrows | digger | asteroids,18
-1.6570926,-0.6284963,497,sundial | themself | dial | daughters | ape,18
10.986276,3.7431152,498,aapl | carrying | carries | arkk | tracks,18
-0.62556285,-0.9082843,499,menu | techs | gmail | updating | horrormovies,18
-1.0930908,-0.11080581,500,tattoo | tattooed | srm | 800 | icon,18
-0.6227625,-0.5369612,501,tanking | tanks | tank | insurrection | rebounds,17
-5.117553,0.11893747,502,aapl | dookie | timmy | angry | sea,17
-1.3893276,-0.3221774,503,manufacturing | ism | dow | futures | fed,17
-5.110461,0.11815583,504,heart | haha | legit | seriously | bottom,17
-2.5440464,0.19880971,505,refund | repossessed | jinpings | refunds | receipt,17
1.430561,7.7827086,506,golf | bowser | cockteasing | shitballs | spanking,17
-1.2735643,0.17945163,507,upvote | retarded | clap | standards | moron,16
11.256659,3.7587025,508,risk | math | management | tolerance | willingness,16
-1.3375852,0.22689587,509,alec | shots | scene | detective | shooters,16
-1.0900408,0.20771591,510,diary | declaration | independence | treasure | discovered,16
11.225855,3.6340146,511,titanium | invented | masturbate | stoned | dated,16
-1.2487354,0.5358939,512,octobull | septembear | octobrrrr | octobear | manbearpig,16
-1.7848191,-0.36153796,513,dmx | ryders | prince | ruff | anthem,16
-1.4244156,0.4618153,514,stocktwits | trending | yahoo | trisomy | firstborn,16
1.514512,7.903374,515,strip | stripper | club | strippers | thirstier,16
-1.4422027,0.7854726,516,ceased | sidewalk | gamestonk | walking | walked,16
11.779571,3.0250137,517,pro | occ | tip | dailies | bled,16
-2.0857244,0.54291415,518,portnoy | utdoors | ports | douchebags | portnoys,16
-0.13755456,-4.956614,519,fakeout | fake | realest | believable | faked,16
-1.1389577,0.83066297,520,cuban | mark | frankenstein | wqc0wwp | resembles,15
-1.8091903,0.8416848,521,lose | stonka | enemies | willy | spells,15
-1.5398664,0.8738557,522,shatner | kirk | trek | captain | scream,15
-1.4081066,0.9573108,523,ubereats | order | refunded | uber | ordered,15
-1.6956955,0.5657639,524,viagra | supercuts | hulk | clips | dick,15
-1.6291765,1.0256563,525,sofi | igniting | fu | cleared | moon,15
-1.8408632,0.71795034,526,massacred | massacre | ninjas | casualties | batman,15
11.54225,2.0636544,527,mlk | holiday | markets | washington | jfks,15
1.3661565,7.683505,528,structured | settlement | cash | wentworth | settled,15
-1.973275,1.1098251,529,riot | rioters | peacefulprotest | rioting | piano,15
-1.8091116,1.074517,530,asts | impressed | buckets | ham | mf,15
-0.14023587,-4.95221,531,ok | readyyyyyy | ready | okay | ahead,15
11.589361,2.5857282,532,weedstocks | jeffries | weed | primed | pot,15
-2.0632372,0.8827294,533,shakin | slap | dat | scratch | gyros,15
10.481896,2.3871446,534,cards | pokemon | pokmon | gift | currency,15
-3.462798,0.30843738,535,rumor | news | rumour | rumors | hype,15
-2.4779236,1.2573665,536,slut | ignorant | lash | slobs | gfys,14
-2.2574434,1.1701835,537,anus | memetrons | anuses | bleeding | bleeds,14
-2.3047647,0.7733802,538,sofi | orgasmic | x3 | oi | deck,14
11.226812,2.0344038,539,4th | july | fuckers | independence | merica,14
11.267131,2.2879338,540,sleeeper | mirroring | tlry | powerhour | pair,14
-5.124362,0.12113926,541,kelly | christ | god | dropped | jesus,14
-2.156605,0.38697356,542,toaster | toasters | bathing | bath | toast,14
-2.8124778,-0.08925001,543,darkness | hello | friend | old | frieeeeeeend,14
-2.6905208,0.39713553,544,africa | shorted | shorting | nostradamus | short,14
-2.4964483,0.5641277,545,algos | algo | overreacted | equation | overreact,14
10.738774,2.026159,546,chipotle | burritos | burrito | chipmunk | fajitas,14
-2.9774196,0.6675974,547,flea | ruples | fucktarded | trend | tards,14
-2.4124203,0.657424,548,glue | sniffing | picked | huffing | whipits,14
-2.0856988,0.72498655,549,1w | 2w | 900 | 3w | 4w,14
-2.578841,-0.48200518,550,bat | example | fuking | caps | blown,14
-2.427617,-0.058078386,551,el | salvador | president | salvadors | salvadorians,13
11.478635,2.6024737,552,shitting | bed | shitcastle | shitted | analytics,13
-2.3429182,0.1498885,553,rip | ripper | rippin | goals | dreams,13
-2.247572,0.017485607,554,brag | bragging | jealous | 17 | 18,13
-2.8042083,-0.38267756,555,warranty | extended | warrants | dealer | renew,13
-2.3838909,-0.41221124,556,stairs | elevator | tyrant | elevators | freefall,13
-2.1211004,-0.917525,557,turnaround | al | pos | ask | way,13
11.057984,2.4659925,558,dow | percents | ransacking | dows | indexes,13
11.047794,2.7167208,559,roku | broku | pacb | arkw | grit,13
-1.8177377,-0.30631092,560,stamps | food | stamp | kraft | nationwide,13
-1.7279444,-0.28826848,561,nike | hijabs | proceedings | lebron | draft,13
10.689073,2.4179456,562,dwd | guild | dwds | mods | homo,13
1.4463124,7.856518,563,bro | straight | having | balls | rn,13
10.34777,2.663368,564,bounce | foam | airplane | glided | bounces,13
-2.0465071,-0.8379765,565,core | earths | drilling | earth | software,13
-1.7522324,-0.7279863,566,gooo | gooooo | goooo | hs | gooooooo,13
10.692818,2.689573,567,40mins | meeting | minutes | infiltrate | invites,13
1.450498,7.8343725,568,horny | fearful | hornyness | sext | sexting,13
10.042344,2.3123505,569,liver | livers | aa | punish | alcoholism,13
-1.8111738,-0.87714326,570,valhalla | deathhhhhhhhhhhhhhhhhh | deathhhhhhhhhhhhh | eurotraders | horde,13
-1.3996941,-1.3252751,571,rise | stand | gang | jesuss | risen,12
-1.4439678,-0.92703,572,microsoft | adobe | macrovision | docusign | document,12
-1.660679,-0.6742845,573,daycare | dmv | tardy | kindergarten | senior,12
1.4982653,7.8067985,574,compels | buyyyyyyyyyyyyyy | ayo | sum | power,12
-1.3991491,-1.1614673,575,obamas | obama | fault | president | reagans,12
-1.001427,-1.3097799,576,cmon | cmonnnn | sustain | squirt | soaring,12
-1.0166014,-0.94859064,577,rtard | global | portfolio | brokerage | balance,12
-1.1210049,-1.2304413,578,nio | deliveries | carsalesbase | delivery | cars,12
10.4182825,3.3854363,579,sideways | bangkok | turnstile | rotate | burger,12
-0.9452071,-0.61458635,580,stress | stressful | faps | circumstance | stressed,12
-0.98598385,-0.6115112,581,450 | eow | 530 | jeopardy | nflx,12
-0.7565539,-0.7174412,582,savings | 930c | scoob | 1100c | salvage,12
-0.62013924,-0.7861352,583,manager | speak | revert | maintenance | leaking,12
-0.55265576,-0.6112415,584,manager | flexible | js | karen | software,12
1.4792583,7.8200884,585,giraffe | ptsd | kick | nuts | bed,12
-0.5183773,-0.43656847,586,sector | rotation | failing | bitchcoin | retailer,11
-0.510912,-0.4320214,587,colbert | colberts | monologue | funnier | comedy,11
-0.7889784,-0.1112619,588,bull | forming | pennant | plebs | developing,11
-0.6359821,0.0040272786,589,staring | screen | cough | weekday | productive,11
-0.83858556,-0.047235526,590,jail | arrested | prison | ineffective | process,11
-0.25814807,0.18734635,591,advanced | destroyer | dispenser | reset | pe,11
0.077463016,-0.049742386,592,914 | represented | bear | trader | 92,11
-0.24299774,0.4495897,593,kong | donkey | dkng | doneky | canadians,11
-0.700653,0.1566764,594,ttcf | leggooooo | finsta | rocketing | bunch,11
-0.38396114,0.80112183,595,roaring | 20s | soakers | 1920s | twenties,11
-0.10696893,0.60175574,596,terminal | bloomberg | 4chan | access | torrent,11
-0.33866647,1.0224999,597,brokus | pocus | hocus | poots | poot,11
-0.5902454,0.49499914,598,butthole | blowhole | surfers | stretcher | emptied,11
11.428704,2.4449031,599,lul | cocky | recovers | choose | wins,11
11.53742,2.4988947,600,resistance | demolish | 11 | 12 | breaking,11
-0.69572806,0.6134664,601,52 | lababy | 52wk | rig | 85,11
-0.58141917,0.87219983,602,dopamine | serotonin | ropeamine | receptors | rushes,11
1.3500718,7.954521,603,imagining | imagine | sentences | sentence | response,11
-0.8034831,1.0214121,604,eradicated | 2032 | 2040 | humanity | 2045,10
11.00029,2.3440442,605,sugar | butterflies | water | wiener | outside,10
-0.56754327,1.4515296,606,watchlist | list | doggycoinz | pikachu | servers,10
11.00696,2.092538,607,faulkner | landslide | fantasy | concept | learn,10
-1.048767,0.6842465,608,columbus | christopher | tribes | discover | 1492,10
-0.8920525,0.8372538,609,feasted | russians | favourite | refuses | funniest,10
-0.15920581,-4.9347844,610,leveraged | leverage | 001 | 999 | access,10
10.715205,1.9880569,611,qe | inflation | colons | assess | agenda,10
-1.0580819,1.5659109,612,xyz | redditors | hype | cult | newness,10
